participant_id,trial_id,task,therapist_score,independent_score
P01,P01_T1_t01,T1,3,3
P01,P01_T2_t01,T2,2,2
P01,P01_T1_t02,T1,3,3
P01,P01_T2_t02,T2,0,0
P01,P01_T1_t03,T1,3,3
P01,P01_T2_t03,T2,0,1
P02,P02_T1_t01,T1,3,3
P02,P02_T2_t01,T2,3,3
P02,P02_T1_t02,T1,3,3
P02,P02_T2_t02,T2,3,3
P02,P02_T1_t03,T1,0,0
P02,P02_T2_t03,T2,1,1
P03,P03_T1_t01,T1,2,3
P03,P03_T2_t01,T2,0,0
P03,P03_T1_t02,T1,2,1
P03,P03_T2_t02,T2,0,0
P03,P03_T1_t03,T1,2,2
P03,P03_T2_t03,T2,1,1
P04,P04_T1_t01,T1,2,2
P04,P04_T2_t01,T2,0,0
P04,P04_T1_t02,T1,3,3
P04,P04_T2_t02,T2,3,2
P04,P04_T1_t03,T1,1,0
P04,P04_T2_t03,T2,0,0
P05,P05_T1_t01,T1,1,1
P05,P05_T2_t01,T2,1,1
P05,P05_T1_t02,T1,1,2
P05,P05_T2_t02,T2,0,1
P05,P05_T1_t03,T1,2,2
P05,P05_T2_t03,T2,0,0
P06,P06_T1_t01,T1,3,3
P06,P06_T2_t01,T2,2,1
P06,P06_T1_t02,T1,3,3
P06,P06_T2_t02,T2,0,0
P06,P06_T1_t03,T1,3,2
P06,P06_T2_t03,T2,0,0
P07,P07_T1_t01,T1,3,3
P07,P07_T2_t01,T2,2,2
P07,P07_T1_t02,T1,0,0
P07,P07_T2_t02,T2,2,2
P07,P07_T1_t03,T1,3,3
P07,P07_T2_t03,T2,3,3
P08,P08_T1_t01,T1,0,0
P08,P08_T2_t01,T2,3,3
P08,P08_T1_t02,T1,3,3
P08,P08_T2_t02,T2,2,2
P08,P08_T1_t03,T1,2,2
P08,P08_T2_t03,T2,3,3
P09,P09_T1_t01,T1,3,2
P09,P09_T2_t01,T2,2,2
P09,P09_T1_t02,T1,0,0
P09,P09_T2_t02,T2,2,3
P09,P09_T1_t03,T1,2,2
P09,P09_T2_t03,T2,0,1
P10,P10_T1_t01,T1,2,2
P10,P10_T2_t01,T2,3,3
P10,P10_T1_t02,T1,2,3
P10,P10_T2_t02,T2,2,2
P10,P10_T1_t03,T1,3,3
P10,P10_T2_t03,T2,0,0
P11,P11_T1_t01,T1,2,1
P11,P11_T2_t01,T2,0,0
P11,P11_T1_t02,T1,1,1
P11,P11_T2_t02,T2,3,3
P11,P11_T1_t03,T1,1,1
P11,P11_T2_t03,T2,1,1
P12,P12_T1_t01,T1,0,0
P12,P12_T2_t01,T2,1,1
P12,P12_T1_t02,T1,0,0
P12,P12_T2_t02,T2,3,3
P12,P12_T1_t03,T1,2,1
P12,P12_T2_t03,T2,1,1
