participant_id,trial_id,task,q1_threshold,condition,predicted_score,output_status,k1_provided,k2_provided
P01,P01_T1_t01,T1,0.1,A3,3,ok,1,1
P01,P01_T1_t01,T1,0.2,A3,3,ok,1,1
P01,P01_T1_t01,T1,0.3,A3,3,ok,0,0
P01,P01_T1_t01,T1,0.4,A3,3,ok,1,1
P01,P01_T1_t01,T1,0.5,A3,1,ok,1,1
P01,P01_T1_t01,T1,0.6,A3,3,ok,0,0
P01,P01_T2_t01,T2,0.1,A3,0,ok,1,1
P01,P01_T2_t01,T2,0.2,A3,1,ok,1,1
P01,P01_T2_t01,T2,0.3,A3,2,ok,0,0
P01,P01_T2_t01,T2,0.4,A3,2,ok,0,0
P01,P01_T2_t01,T2,0.5,A3,1,ok,0,0
P01,P01_T2_t01,T2,0.6,A3,2,ok,0,0
P01,P01_T1_t02,T1,0.1,A3,3,ok,1,1
P01,P01_T1_t02,T1,0.2,A3,3,ok,0,0
P01,P01_T1_t02,T1,0.3,A3,3,ok,1,1
P01,P01_T1_t02,T1,0.4,A3,3,ok,0,0
P01,P01_T1_t02,T1,0.5,A3,3,ok,1,1
P01,P01_T1_t02,T1,0.6,A3,3,ok,0,0
P01,P01_T2_t02,T2,0.1,A3,0,ok,1,1
P01,P01_T2_t02,T2,0.2,A3,0,ok,1,1
P01,P01_T2_t02,T2,0.3,A3,1,ok,0,0
P01,P01_T2_t02,T2,0.4,A3,0,ok,1,1
P01,P01_T2_t02,T2,0.5,A3,0,ok,0,0
P01,P01_T2_t02,T2,0.6,A3,0,ok,1,1
P01,P01_T1_t03,T1,0.1,A3,3,ok,1,1
P01,P01_T1_t03,T1,0.2,A3,3,ok,1,1
P01,P01_T1_t03,T1,0.3,A3,2,ok,1,1
P01,P01_T1_t03,T1,0.4,A3,3,ok,0,0
P01,P01_T1_t03,T1,0.5,A3,3,ok,0,0
P01,P01_T1_t03,T1,0.6,A3,3,ok,0,0
P01,P01_T2_t03,T2,0.1,A3,0,ok,1,1
P01,P01_T2_t03,T2,0.2,A3,0,ok,1,1
P01,P01_T2_t03,T2,0.3,A3,0,ok,1,1
P01,P01_T2_t03,T2,0.4,A3,0,ok,1,1
P01,P01_T2_t03,T2,0.5,A3,0,ok,0,0
P01,P01_T2_t03,T2,0.6,A3,0,ok,0,0
P02,P02_T1_t01,T1,0.1,A3,3,ok,1,1
P02,P02_T1_t01,T1,0.2,A3,3,ok,1,1
P02,P02_T1_t01,T1,0.3,A3,3,ok,1,1
P02,P02_T1_t01,T1,0.4,A3,3,ok,1,1
P02,P02_T1_t01,T1,0.5,A3,3,ok,0,0
P02,P02_T1_t01,T1,0.6,A3,3,ok,1,1
P02,P02_T2_t01,T2,0.1,A3,2,ok,1,1
P02,P02_T2_t01,T2,0.2,A3,3,ok,0,0
P02,P02_T2_t01,T2,0.3,A3,3,ok,1,1
P02,P02_T2_t01,T2,0.4,A3,3,ok,0,0
P02,P02_T2_t01,T2,0.5,A3,3,ok,0,0
P02,P02_T2_t01,T2,0.6,A3,3,ok,0,0
P02,P02_T1_t02,T1,0.1,A3,3,ok,1,1
P02,P02_T1_t02,T1,0.2,A3,3,ok,1,1
P02,P02_T1_t02,T1,0.3,A3,3,ok,0,0
P02,P02_T1_t02,T1,0.4,A3,3,ok,0,0
P02,P02_T1_t02,T1,0.5,A3,3,ok,0,0
P02,P02_T1_t02,T1,0.6,A3,3,ok,0,0
P02,P02_T2_t02,T2,0.1,A3,3,ok,1,1
P02,P02_T2_t02,T2,0.2,A3,3,ok,1,1
P02,P02_T2_t02,T2,0.3,A3,3,ok,0,0
P02,P02_T2_t02,T2,0.4,A3,3,ok,1,1
P02,P02_T2_t02,T2,0.5,A3,3,ok,0,0
P02,P02_T2_t02,T2,0.6,A3,3,ok,0,0
P02,P02_T1_t03,T1,0.1,A3,0,ok,1,1
P02,P02_T1_t03,T1,0.2,A3,0,ok,1,1
P02,P02_T1_t03,T1,0.3,A3,1,ok,1,1
P02,P02_T1_t03,T1,0.4,A3,0,ok,1,1
P02,P02_T1_t03,T1,0.5,A3,0,ok,0,0
P02,P02_T1_t03,T1,0.6,A3,0,ok,0,0
P02,P02_T2_t03,T2,0.1,A3,2,ok,1,1
P02,P02_T2_t03,T2,0.2,A3,1,ok,1,1
P02,P02_T2_t03,T2,0.3,A3,1,ok,0,0
P02,P02_T2_t03,T2,0.4,A3,1,ok,1,1
P02,P02_T2_t03,T2,0.5,A3,1,ok,0,0
P02,P02_T2_t03,T2,0.6,A3,2,ok,1,1
P03,P03_T1_t01,T1,0.1,A3,2,ok,1,1
P03,P03_T1_t01,T1,0.2,A3,2,ok,1,1
P03,P03_T1_t01,T1,0.3,A3,2,ok,1,1
P03,P03_T1_t01,T1,0.4,A3,2,ok,0,0
P03,P03_T1_t01,T1,0.5,A3,2,ok,1,1
P03,P03_T1_t01,T1,0.6,A3,2,ok,1,1
P03,P03_T2_t01,T2,0.1,A3,0,ok,1,1
P03,P03_T2_t01,T2,0.2,A3,0,ok,1,1
P03,P03_T2_t01,T2,0.3,A3,0,ok,1,1
P03,P03_T2_t01,T2,0.4,A3,0,ok,1,1
P03,P03_T2_t01,T2,0.5,A3,0,ok,1,1
P03,P03_T2_t01,T2,0.6,A3,0,ok,0,0
P03,P03_T1_t02,T1,0.1,A3,2,ok,0,0
P03,P03_T1_t02,T1,0.2,A3,3,ok,1,1
P03,P03_T1_t02,T1,0.3,A3,2,ok,1,1
P03,P03_T1_t02,T1,0.4,A3,2,ok,0,0
P03,P03_T1_t02,T1,0.5,A3,2,ok,0,0
P03,P03_T1_t02,T1,0.6,A3,2,ok,0,0
P03,P03_T2_t02,T2,0.1,A3,0,ok,1,1
P03,P03_T2_t02,T2,0.2,A3,0,ok,1,1
P03,P03_T2_t02,T2,0.3,A3,0,ok,1,1
P03,P03_T2_t02,T2,0.4,A3,0,ok,1,1
P03,P03_T2_t02,T2,0.5,A3,0,ok,0,0
P03,P03_T2_t02,T2,0.6,A3,0,ok,1,1
P03,P03_T1_t03,T1,0.1,A3,2,ok,1,1
P03,P03_T1_t03,T1,0.2,A3,2,ok,1,1
P03,P03_T1_t03,T1,0.3,A3,2,ok,0,0
P03,P03_T1_t03,T1,0.4,A3,2,ok,1,1
P03,P03_T1_t03,T1,0.5,A3,2,ok,0,0
P03,P03_T1_t03,T1,0.6,A3,2,ok,0,0
P03,P03_T2_t03,T2,0.1,A3,0,ok,1,1
P03,P03_T2_t03,T2,0.2,A3,2,ok,0,0
P03,P03_T2_t03,T2,0.3,A3,1,ok,1,1
P03,P03_T2_t03,T2,0.4,A3,1,ok,0,0
P03,P03_T2_t03,T2,0.5,A3,1,ok,0,0
P03,P03_T2_t03,T2,0.6,A3,1,ok,0,0
P04,P04_T1_t01,T1,0.1,A3,2,ok,1,1
P04,P04_T1_t01,T1,0.2,A3,2,ok,1,1
P04,P04_T1_t01,T1,0.3,A3,2,ok,1,1
P04,P04_T1_t01,T1,0.4,A3,2,ok,1,1
P04,P04_T1_t01,T1,0.5,A3,2,ok,0,0
P04,P04_T1_t01,T1,0.6,A3,2,ok,1,1
P04,P04_T2_t01,T2,0.1,A3,0,ok,0,0
P04,P04_T2_t01,T2,0.2,A3,0,ok,1,1
P04,P04_T2_t01,T2,0.3,A3,0,ok,1,1
P04,P04_T2_t01,T2,0.4,A3,0,ok,1,1
P04,P04_T2_t01,T2,0.5,A3,0,ok,0,0
P04,P04_T2_t01,T2,0.6,A3,0,ok,0,0
P04,P04_T1_t02,T1,0.1,A3,3,ok,1,1
P04,P04_T1_t02,T1,0.2,A3,3,ok,1,1
P04,P04_T1_t02,T1,0.3,A3,3,ok,0,0
P04,P04_T1_t02,T1,0.4,A3,3,ok,1,1
P04,P04_T1_t02,T1,0.5,A3,3,ok,1,1
P04,P04_T1_t02,T1,0.6,A3,3,ok,1,1
P04,P04_T2_t02,T2,0.1,A3,3,ok,1,1
P04,P04_T2_t02,T2,0.2,A3,3,ok,1,1
P04,P04_T2_t02,T2,0.3,A3,3,ok,0,0
P04,P04_T2_t02,T2,0.4,A3,3,ok,0,0
P04,P04_T2_t02,T2,0.5,A3,3,ok,1,1
P04,P04_T2_t02,T2,0.6,A3,3,ok,1,1
P04,P04_T1_t03,T1,0.1,A3,1,ok,1,1
P04,P04_T1_t03,T1,0.2,A3,2,ok,1,1
P04,P04_T1_t03,T1,0.3,A3,0,ok,0,0
P04,P04_T1_t03,T1,0.4,A3,1,ok,0,0
P04,P04_T1_t03,T1,0.5,A3,1,ok,0,0
P04,P04_T1_t03,T1,0.6,A3,1,ok,0,0
P04,P04_T2_t03,T2,0.1,A3,0,ok,1,1
P04,P04_T2_t03,T2,0.2,A3,1,ok,1,1
P04,P04_T2_t03,T2,0.3,A3,0,ok,1,1
P04,P04_T2_t03,T2,0.4,A3,0,ok,0,0
P04,P04_T2_t03,T2,0.5,A3,0,ok,1,1
P04,P04_T2_t03,T2,0.6,A3,0,ok,0,0
P05,P05_T1_t01,T1,0.1,A3,1,ok,1,1
P05,P05_T1_t01,T1,0.2,A3,2,ok,0,0
P05,P05_T1_t01,T1,0.3,A3,2,ok,1,1
P05,P05_T1_t01,T1,0.4,A3,1,ok,1,1
P05,P05_T1_t01,T1,0.5,A3,2,ok,0,0
P05,P05_T1_t01,T1,0.6,A3,1,ok,0,0
P05,P05_T2_t01,T2,0.1,A3,1,ok,1,1
P05,P05_T2_t01,T2,0.2,A3,1,ok,1,1
P05,P05_T2_t01,T2,0.3,A3,1,ok,1,1
P05,P05_T2_t01,T2,0.4,A3,1,ok,1,1
P05,P05_T2_t01,T2,0.5,A3,1,ok,1,1
P05,P05_T2_t01,T2,0.6,A3,3,ok,0,0
P05,P05_T1_t02,T1,0.1,A3,2,ok,0,0
P05,P05_T1_t02,T1,0.2,A3,1,ok,1,1
P05,P05_T1_t02,T1,0.3,A3,0,ok,0,0
P05,P05_T1_t02,T1,0.4,A3,1,ok,1,1
P05,P05_T1_t02,T1,0.5,A3,1,ok,0,0
P05,P05_T1_t02,T1,0.6,A3,1,ok,1,1
P05,P05_T2_t02,T2,0.1,A3,0,ok,1,1
P05,P05_T2_t02,T2,0.2,A3,0,ok,1,1
P05,P05_T2_t02,T2,0.3,A3,0,ok,1,1
P05,P05_T2_t02,T2,0.4,A3,0,ok,0,0
P05,P05_T2_t02,T2,0.5,A3,1,ok,0,0
P05,P05_T2_t02,T2,0.6,A3,0,ok,0,0
P05,P05_T1_t03,T1,0.1,A3,2,ok,1,1
P05,P05_T1_t03,T1,0.2,A3,2,ok,1,1
P05,P05_T1_t03,T1,0.3,A3,2,ok,0,0
P05,P05_T1_t03,T1,0.4,A3,2,ok,1,1
P05,P05_T1_t03,T1,0.5,A3,2,ok,1,1
P05,P05_T1_t03,T1,0.6,A3,2,ok,0,0
P05,P05_T2_t03,T2,0.1,A3,0,ok,1,1
P05,P05_T2_t03,T2,0.2,A3,0,ok,1,1
P05,P05_T2_t03,T2,0.3,A3,0,ok,0,0
P05,P05_T2_t03,T2,0.4,A3,0,ok,1,1
P05,P05_T2_t03,T2,0.5,A3,0,ok,1,1
P05,P05_T2_t03,T2,0.6,A3,0,ok,1,1
P06,P06_T1_t01,T1,0.1,A3,3,ok,1,1
P06,P06_T1_t01,T1,0.2,A3,3,ok,1,1
P06,P06_T1_t01,T1,0.3,A3,3,ok,0,0
P06,P06_T1_t01,T1,0.4,A3,3,ok,1,1
P06,P06_T1_t01,T1,0.5,A3,3,ok,1,1
P06,P06_T1_t01,T1,0.6,A3,3,ok,1,1
P06,P06_T2_t01,T2,0.1,A3,2,ok,1,1
P06,P06_T2_t01,T2,0.2,A3,2,ok,1,1
P06,P06_T2_t01,T2,0.3,A3,2,ok,1,1
P06,P06_T2_t01,T2,0.4,A3,2,ok,0,0
P06,P06_T2_t01,T2,0.5,A3,2,ok,1,1
P06,P06_T2_t01,T2,0.6,A3,2,ok,1,1
P06,P06_T1_t02,T1,0.1,A3,3,ok,1,1
P06,P06_T1_t02,T1,0.2,A3,2,ok,1,1
P06,P06_T1_t02,T1,0.3,A3,3,ok,0,0
P06,P06_T1_t02,T1,0.4,A3,3,ok,0,0
P06,P06_T1_t02,T1,0.5,A3,3,ok,1,1
P06,P06_T1_t02,T1,0.6,A3,3,ok,0,0
P06,P06_T2_t02,T2,0.1,A3,1,ok,1,1
P06,P06_T2_t02,T2,0.2,A3,0,ok,0,0
P06,P06_T2_t02,T2,0.3,A3,0,ok,1,1
P06,P06_T2_t02,T2,0.4,A3,0,ok,1,1
P06,P06_T2_t02,T2,0.5,A3,0,ok,0,0
P06,P06_T2_t02,T2,0.6,A3,0,ok,0,0
P06,P06_T1_t03,T1,0.1,A3,3,ok,1,1
P06,P06_T1_t03,T1,0.2,A3,3,ok,1,1
P06,P06_T1_t03,T1,0.3,A3,3,ok,0,0
P06,P06_T1_t03,T1,0.4,A3,3,ok,1,1
P06,P06_T1_t03,T1,0.5,A3,3,ok,1,1
P06,P06_T1_t03,T1,0.6,A3,3,ok,1,1
P06,P06_T2_t03,T2,0.1,A3,0,ok,1,1
P06,P06_T2_t03,T2,0.2,A3,1,ok,1,1
P06,P06_T2_t03,T2,0.3,A3,0,ok,0,0
P06,P06_T2_t03,T2,0.4,A3,0,ok,1,1
P06,P06_T2_t03,T2,0.5,A3,0,ok,0,0
P06,P06_T2_t03,T2,0.6,A3,0,ok,0,0
P07,P07_T1_t01,T1,0.1,A3,3,ok,1,1
P07,P07_T1_t01,T1,0.2,A3,3,ok,0,0
P07,P07_T1_t01,T1,0.3,A3,3,ok,1,1
P07,P07_T1_t01,T1,0.4,A3,3,ok,0,0
P07,P07_T1_t01,T1,0.5,A3,3,ok,1,1
P07,P07_T1_t01,T1,0.6,A3,3,ok,0,0
P07,P07_T2_t01,T2,0.1,A3,3,ok,1,1
P07,P07_T2_t01,T2,0.2,A3,2,ok,1,1
P07,P07_T2_t01,T2,0.3,A3,2,ok,1,1
P07,P07_T2_t01,T2,0.4,A3,2,ok,1,1
P07,P07_T2_t01,T2,0.5,A3,2,ok,1,1
P07,P07_T2_t01,T2,0.6,A3,2,ok,1,1
P07,P07_T1_t02,T1,0.1,A3,0,ok,1,1
P07,P07_T1_t02,T1,0.2,A3,1,ok,1,1
P07,P07_T1_t02,T1,0.3,A3,0,ok,0,0
P07,P07_T1_t02,T1,0.4,A3,0,ok,1,1
P07,P07_T1_t02,T1,0.5,A3,0,ok,0,0
P07,P07_T1_t02,T1,0.6,A3,0,ok,1,1
P07,P07_T2_t02,T2,0.1,A3,2,ok,1,1
P07,P07_T2_t02,T2,0.2,A3,1,ok,1,1
P07,P07_T2_t02,T2,0.3,A3,3,ok,1,1
P07,P07_T2_t02,T2,0.4,A3,2,ok,0,0
P07,P07_T2_t02,T2,0.5,A3,2,ok,1,1
P07,P07_T2_t02,T2,0.6,A3,2,ok,0,0
P07,P07_T1_t03,T1,0.1,A3,3,ok,0,0
P07,P07_T1_t03,T1,0.2,A3,3,ok,1,1
P07,P07_T1_t03,T1,0.3,A3,3,ok,1,1
P07,P07_T1_t03,T1,0.4,A3,3,ok,0,0
P07,P07_T1_t03,T1,0.5,A3,3,ok,1,1
P07,P07_T1_t03,T1,0.6,A3,2,ok,1,1
P07,P07_T2_t03,T2,0.1,A3,3,ok,1,1
P07,P07_T2_t03,T2,0.2,A3,1,ok,1,1
P07,P07_T2_t03,T2,0.3,A3,3,ok,0,0
P07,P07_T2_t03,T2,0.4,A3,3,ok,0,0
P07,P07_T2_t03,T2,0.5,A3,3,ok,1,1
P07,P07_T2_t03,T2,0.6,A3,3,ok,0,0
P08,P08_T1_t01,T1,0.1,A3,0,ok,1,1
P08,P08_T1_t01,T1,0.2,A3,0,ok,1,1
P08,P08_T1_t01,T1,0.3,A3,0,ok,1,1
P08,P08_T1_t01,T1,0.4,A3,0,ok,1,1
P08,P08_T1_t01,T1,0.5,A3,0,ok,1,1
P08,P08_T1_t01,T1,0.6,A3,1,ok,0,0
P08,P08_T2_t01,T2,0.1,A3,3,ok,1,1
P08,P08_T2_t01,T2,0.2,A3,3,ok,1,1
P08,P08_T2_t01,T2,0.3,A3,3,ok,0,0
P08,P08_T2_t01,T2,0.4,A3,3,ok,1,1
P08,P08_T2_t01,T2,0.5,A3,3,ok,0,0
P08,P08_T2_t01,T2,0.6,A3,3,ok,0,0
P08,P08_T1_t02,T1,0.1,A3,2,ok,1,1
P08,P08_T1_t02,T1,0.2,A3,3,ok,1,1
P08,P08_T1_t02,T1,0.3,A3,1,ok,1,1
P08,P08_T1_t02,T1,0.4,A3,3,ok,1,1
P08,P08_T1_t02,T1,0.5,A3,3,ok,0,0
P08,P08_T1_t02,T1,0.6,A3,3,ok,0,0
P08,P08_T2_t02,T2,0.1,A3,2,ok,1,1
P08,P08_T2_t02,T2,0.2,A3,2,ok,1,1
P08,P08_T2_t02,T2,0.3,A3,2,ok,1,1
P08,P08_T2_t02,T2,0.4,A3,2,ok,1,1
P08,P08_T2_t02,T2,0.5,A3,2,ok,0,0
P08,P08_T2_t02,T2,0.6,A3,2,ok,1,1
P08,P08_T1_t03,T1,0.1,A3,2,ok,1,1
P08,P08_T1_t03,T1,0.2,A3,2,ok,1,1
P08,P08_T1_t03,T1,0.3,A3,2,ok,1,1
P08,P08_T1_t03,T1,0.4,A3,2,ok,0,0
P08,P08_T1_t03,T1,0.5,A3,2,ok,0,0
P08,P08_T1_t03,T1,0.6,A3,2,ok,0,0
P08,P08_T2_t03,T2,0.1,A3,3,ok,0,0
P08,P08_T2_t03,T2,0.2,A3,3,ok,0,0
P08,P08_T2_t03,T2,0.3,A3,3,ok,1,1
P08,P08_T2_t03,T2,0.4,A3,3,ok,0,0
P08,P08_T2_t03,T2,0.5,A3,3,ok,1,1
P08,P08_T2_t03,T2,0.6,A3,3,ok,0,0
P09,P09_T1_t01,T1,0.1,A3,3,ok,0,0
P09,P09_T1_t01,T1,0.2,A3,3,ok,1,1
P09,P09_T1_t01,T1,0.3,A3,3,ok,0,0
P09,P09_T1_t01,T1,0.4,A3,3,ok,0,0
P09,P09_T1_t01,T1,0.5,A3,3,ok,0,0
P09,P09_T1_t01,T1,0.6,A3,3,ok,0,0
P09,P09_T2_t01,T2,0.1,A3,2,ok,1,1
P09,P09_T2_t01,T2,0.2,A3,3,ok,1,1
P09,P09_T2_t01,T2,0.3,A3,2,ok,1,1
P09,P09_T2_t01,T2,0.4,A3,2,ok,1,1
P09,P09_T2_t01,T2,0.5,A3,2,ok,1,1
P09,P09_T2_t01,T2,0.6,A3,2,ok,1,1
P09,P09_T1_t02,T1,0.1,A3,0,ok,1,1
P09,P09_T1_t02,T1,0.2,A3,0,ok,1,1
P09,P09_T1_t02,T1,0.3,A3,0,ok,1,1
P09,P09_T1_t02,T1,0.4,A3,0,ok,1,1
P09,P09_T1_t02,T1,0.5,A3,0,ok,1,1
P09,P09_T1_t02,T1,0.6,A3,0,ok,0,0
P09,P09_T2_t02,T2,0.1,A3,2,ok,0,0
P09,P09_T2_t02,T2,0.2,A3,2,ok,1,1
P09,P09_T2_t02,T2,0.3,A3,2,ok,0,0
P09,P09_T2_t02,T2,0.4,A3,2,ok,1,1
P09,P09_T2_t02,T2,0.5,A3,2,ok,0,0
P09,P09_T2_t02,T2,0.6,A3,2,ok,0,0
P09,P09_T1_t03,T1,0.1,A3,2,ok,1,1
P09,P09_T1_t03,T1,0.2,A3,2,ok,1,1
P09,P09_T1_t03,T1,0.3,A3,2,ok,0,0
P09,P09_T1_t03,T1,0.4,A3,1,ok,1,1
P09,P09_T1_t03,T1,0.5,A3,2,ok,1,1
P09,P09_T1_t03,T1,0.6,A3,2,ok,0,0
P09,P09_T2_t03,T2,0.1,A3,0,ok,1,1
P09,P09_T2_t03,T2,0.2,A3,0,ok,0,0
P09,P09_T2_t03,T2,0.3,A3,0,ok,1,1
P09,P09_T2_t03,T2,0.4,A3,0,ok,0,0
P09,P09_T2_t03,T2,0.5,A3,0,ok,0,0
P09,P09_T2_t03,T2,0.6,A3,0,ok,0,0
P10,P10_T1_t01,T1,0.1,A3,2,ok,1,1
P10,P10_T1_t01,T1,0.2,A3,2,ok,1,1
P10,P10_T1_t01,T1,0.3,A3,2,ok,1,1
P10,P10_T1_t01,T1,0.4,A3,2,ok,1,1
P10,P10_T1_t01,T1,0.5,A3,2,ok,1,1
P10,P10_T1_t01,T1,0.6,A3,2,ok,0,0
P10,P10_T2_t01,T2,0.1,A3,3,ok,1,1
P10,P10_T2_t01,T2,0.2,A3,3,ok,1,1
P10,P10_T2_t01,T2,0.3,A3,2,ok,0,0
P10,P10_T2_t01,T2,0.4,A3,1,ok,0,0
P10,P10_T2_t01,T2,0.5,A3,3,ok,1,1
P10,P10_T2_t01,T2,0.6,A3,3,ok,1,1
P10,P10_T1_t02,T1,0.1,A3,2,ok,1,1
P10,P10_T1_t02,T1,0.2,A3,2,ok,0,0
P10,P10_T1_t02,T1,0.3,A3,2,ok,1,1
P10,P10_T1_t02,T1,0.4,A3,2,ok,1,1
P10,P10_T1_t02,T1,0.5,A3,2,ok,1,1
P10,P10_T1_t02,T1,0.6,A3,2,ok,1,1
P10,P10_T2_t02,T2,0.1,A3,1,ok,1,1
P10,P10_T2_t02,T2,0.2,A3,2,ok,1,1
P10,P10_T2_t02,T2,0.3,A3,2,ok,1,1
P10,P10_T2_t02,T2,0.4,A3,2,ok,1,1
P10,P10_T2_t02,T2,0.5,A3,3,ok,1,1
P10,P10_T2_t02,T2,0.6,A3,2,ok,1,1
P10,P10_T1_t03,T1,0.1,A3,3,ok,1,1
P10,P10_T1_t03,T1,0.2,A3,3,ok,1,1
P10,P10_T1_t03,T1,0.3,A3,3,ok,0,0
P10,P10_T1_t03,T1,0.4,A3,3,ok,0,0
P10,P10_T1_t03,T1,0.5,A3,3,ok,1,1
P10,P10_T1_t03,T1,0.6,A3,3,ok,1,1
P10,P10_T2_t03,T2,0.1,A3,0,ok,1,1
P10,P10_T2_t03,T2,0.2,A3,0,ok,0,0
P10,P10_T2_t03,T2,0.3,A3,0,ok,0,0
P10,P10_T2_t03,T2,0.4,A3,0,ok,0,0
P10,P10_T2_t03,T2,0.5,A3,0,ok,1,1
P10,P10_T2_t03,T2,0.6,A3,0,ok,1,1
P11,P11_T1_t01,T1,0.1,A3,2,ok,1,1
P11,P11_T1_t01,T1,0.2,A3,1,ok,0,0
P11,P11_T1_t01,T1,0.3,A3,2,ok,1,1
P11,P11_T1_t01,T1,0.4,A3,2,ok,1,1
P11,P11_T1_t01,T1,0.5,A3,2,ok,1,1
P11,P11_T1_t01,T1,0.6,A3,2,ok,0,0
P11,P11_T2_t01,T2,0.1,A3,0,ok,1,1
P11,P11_T2_t01,T2,0.2,A3,0,ok,1,1
P11,P11_T2_t01,T2,0.3,A3,0,ok,1,1
P11,P11_T2_t01,T2,0.4,A3,0,ok,1,1
P11,P11_T2_t01,T2,0.5,A3,0,ok,1,1
P11,P11_T2_t01,T2,0.6,A3,0,ok,0,0
P11,P11_T1_t02,T1,0.1,A3,1,ok,1,1
P11,P11_T1_t02,T1,0.2,A3,0,ok,0,0
P11,P11_T1_t02,T1,0.3,A3,1,ok,1,1
P11,P11_T1_t02,T1,0.4,A3,0,ok,1,1
P11,P11_T1_t02,T1,0.5,A3,3,ok,0,0
P11,P11_T1_t02,T1,0.6,A3,0,ok,1,1
P11,P11_T2_t02,T2,0.1,A3,3,ok,1,1
P11,P11_T2_t02,T2,0.2,A3,3,ok,1,1
P11,P11_T2_t02,T2,0.3,A3,3,ok,1,1
P11,P11_T2_t02,T2,0.4,A3,1,ok,0,0
P11,P11_T2_t02,T2,0.5,A3,3,ok,1,1
P11,P11_T2_t02,T2,0.6,A3,3,ok,1,1
P11,P11_T1_t03,T1,0.1,A3,2,ok,1,1
P11,P11_T1_t03,T1,0.2,A3,1,ok,1,1
P11,P11_T1_t03,T1,0.3,A3,1,ok,1,1
P11,P11_T1_t03,T1,0.4,A3,1,ok,1,1
P11,P11_T1_t03,T1,0.5,A3,1,ok,0,0
P11,P11_T1_t03,T1,0.6,A3,1,ok,1,1
P11,P11_T2_t03,T2,0.1,A3,2,ok,1,1
P11,P11_T2_t03,T2,0.2,A3,1,ok,1,1
P11,P11_T2_t03,T2,0.3,A3,1,ok,1,1
P11,P11_T2_t03,T2,0.4,A3,1,ok,1,1
P11,P11_T2_t03,T2,0.5,A3,1,ok,0,0
P11,P11_T2_t03,T2,0.6,A3,1,ok,1,1
P12,P12_T1_t01,T1,0.1,A3,0,ok,1,1
P12,P12_T1_t01,T1,0.2,A3,0,ok,1,1
P12,P12_T1_t01,T1,0.3,A3,0,ok,1,1
P12,P12_T1_t01,T1,0.4,A3,0,ok,1,1
P12,P12_T1_t01,T1,0.5,A3,0,ok,1,1
P12,P12_T1_t01,T1,0.6,A3,2,ok,0,0
P12,P12_T2_t01,T2,0.1,A3,1,ok,1,1
P12,P12_T2_t01,T2,0.2,A3,1,ok,1,1
P12,P12_T2_t01,T2,0.3,A3,1,ok,1,1
P12,P12_T2_t01,T2,0.4,A3,1,ok,1,1
P12,P12_T2_t01,T2,0.5,A3,1,ok,1,1
P12,P12_T2_t01,T2,0.6,A3,1,ok,0,0
P12,P12_T1_t02,T1,0.1,A3,0,ok,1,1
P12,P12_T1_t02,T1,0.2,A3,0,ok,1,1
P12,P12_T1_t02,T1,0.3,A3,1,ok,1,1
P12,P12_T1_t02,T1,0.4,A3,0,ok,0,0
P12,P12_T1_t02,T1,0.5,A3,0,ok,0,0
P12,P12_T1_t02,T1,0.6,A3,0,ok,0,0
P12,P12_T2_t02,T2,0.1,A3,3,ok,1,1
P12,P12_T2_t02,T2,0.2,A3,3,ok,0,0
P12,P12_T2_t02,T2,0.3,A3,3,ok,1,1
P12,P12_T2_t02,T2,0.4,A3,3,ok,1,1
P12,P12_T2_t02,T2,0.5,A3,3,ok,1,1
P12,P12_T2_t02,T2,0.6,A3,3,ok,1,1
P12,P12_T1_t03,T1,0.1,A3,2,ok,1,1
P12,P12_T1_t03,T1,0.2,A3,2,ok,1,1
P12,P12_T1_t03,T1,0.3,A3,2,ok,0,0
P12,P12_T1_t03,T1,0.4,A3,3,ok,1,1
P12,P12_T1_t03,T1,0.5,A3,2,ok,1,1
P12,P12_T1_t03,T1,0.6,A3,2,ok,0,0
P12,P12_T2_t03,T2,0.1,A3,1,ok,1,1
P12,P12_T2_t03,T2,0.2,A3,1,ok,1,1
P12,P12_T2_t03,T2,0.3,A3,0,ok,1,1
P12,P12_T2_t03,T2,0.4,A3,1,ok,0,0
P12,P12_T2_t03,T2,0.5,A3,1,ok,1,1
P12,P12_T2_t03,T2,0.6,A3,1,ok,0,0
