participant_id,side,task,phase,trial_index,time_s,score,rater,blinded,finger_used,pad_used,released,dropped_then_relifted,release_failed,reattempts,voluntary_lift,reached_target,abnormal_arm,posture_loss,not_assessable,note
<PID>,R,T1,practice,1,,,,1,,,,,,,,,,,,
<PID>,R,T1,practice,2,,,,1,,,,,,,,,,,,
<PID>,R,T1,main,1,,,,1,,,,,,,,,,,,
<PID>,R,T1,main,2,,,,1,,,,,,,,,,,,
<PID>,R,T1,main,3,,,,1,,,,,,,,,,,,
<PID>,R,T2,practice,1,,,,1,,,,,,,,,,,,
<PID>,R,T2,practice,2,,,,1,,,,,,,,,,,,
<PID>,R,T2,main,1,,,,1,,,,,,,,,,,,
<PID>,R,T2,main,2,,,,1,,,,,,,,,,,,
<PID>,R,T2,main,3,,,,1,,,,,,,,,,,,
