participant_id,condition,mae_therapist,n,n_fail,loss_with_fail
P01,A0,0.16666666666666666,6,0,0.16666666666666666
P02,A0,0.4,5,1,0.8333333333333334
P03,A0,0.5,6,0,0.5
P04,A0,0.16666666666666666,6,0,0.16666666666666666
P05,A0,0.6666666666666666,6,0,0.6666666666666666
P06,A0,0.5,6,0,0.5
P07,A0,0.16666666666666666,6,0,0.16666666666666666
P08,A0,0.0,6,0,0.0
P09,A0,0.3333333333333333,6,0,0.3333333333333333
P10,A0,0.16666666666666666,6,0,0.16666666666666666
P11,A0,0.5,6,0,0.5
P12,A0,0.5,6,0,0.5
P01,A0time,0.3333333333333333,6,0,0.3333333333333333
P02,A0time,0.16666666666666666,6,0,0.16666666666666666
P03,A0time,0.6666666666666666,6,0,0.6666666666666666
P04,A0time,1.0,6,0,1.0
P05,A0time,0.6666666666666666,6,0,0.6666666666666666
P06,A0time,0.3333333333333333,6,0,0.3333333333333333
P07,A0time,0.3333333333333333,6,0,0.3333333333333333
P08,A0time,0.5,6,0,0.5
P09,A0time,0.16666666666666666,6,0,0.16666666666666666
P10,A0time,0.8333333333333334,6,0,0.8333333333333334
P11,A0time,0.6666666666666666,6,0,0.6666666666666666
P12,A0time,1.0,6,0,1.0
P01,A1,0.3333333333333333,6,0,0.3333333333333333
P02,A1,0.4,5,1,0.8333333333333334
P03,A1,0.8333333333333334,6,0,0.8333333333333334
P04,A1,0.6666666666666666,6,0,0.6666666666666666
P05,A1,0.3333333333333333,6,0,0.3333333333333333
P06,A1,0.5,6,0,0.5
P07,A1,0.16666666666666666,6,0,0.16666666666666666
P08,A1,0.8333333333333334,6,0,0.8333333333333334
P09,A1,0.6666666666666666,6,0,0.6666666666666666
P10,A1,0.3333333333333333,6,0,0.3333333333333333
P11,A1,0.0,6,0,0.0
P12,A1,0.8333333333333334,6,0,0.8333333333333334
P01,A2,0.16666666666666666,6,0,0.16666666666666666
P02,A2,0.16666666666666666,6,0,0.16666666666666666
P03,A2,0.6666666666666666,6,0,0.6666666666666666
P04,A2,1.0,6,0,1.0
P05,A2,1.0,6,0,1.0
P06,A2,0.6666666666666666,6,0,0.6666666666666666
P07,A2,0.16666666666666666,6,0,0.16666666666666666
P08,A2,0.0,6,0,0.0
P09,A2,1.0,6,0,1.0
P10,A2,0.8333333333333334,6,0,0.8333333333333334
P11,A2,0.8333333333333334,6,0,0.8333333333333334
P12,A2,0.8333333333333334,6,0,0.8333333333333334
P01,A3,0.0,5,1,0.5
P02,A3,0.0,6,0,0.0
P03,A3,0.0,6,0,0.0
P04,A3,0.0,6,0,0.0
P05,A3,0.0,6,0,0.0
P06,A3,0.0,6,0,0.0
P07,A3,0.3333333333333333,6,0,0.3333333333333333
P08,A3,0.3333333333333333,6,0,0.3333333333333333
P09,A3,0.3333333333333333,6,0,0.3333333333333333
P10,A3,0.0,6,0,0.0
P11,A3,0.0,6,0,0.0
P12,A3,0.0,6,0,0.0
P01,A4,0.5,6,0,0.5
P02,A4,0.6666666666666666,6,0,0.6666666666666666
P03,A4,0.3333333333333333,6,0,0.3333333333333333
P04,A4,0.16666666666666666,6,0,0.16666666666666666
P05,A4,0.6,5,1,1.0
P06,A4,0.3333333333333333,6,0,0.3333333333333333
P07,A4,0.5,6,0,0.5
P08,A4,0.5,6,0,0.5
P09,A4,0.16666666666666666,6,0,0.16666666666666666
P10,A4,0.16666666666666666,6,0,0.16666666666666666
P11,A4,0.16666666666666666,6,0,0.16666666666666666
P12,A4,0.6,5,1,1.0
P01,R,0.3333333333333333,6,0,0.3333333333333333
P02,R,0.0,5,1,0.5
P03,R,0.5,6,0,0.5
P04,R,0.0,6,0,0.0
P05,R,0.4,5,1,0.8333333333333334
P06,R,0.16666666666666666,6,0,0.16666666666666666
P07,R,0.3333333333333333,6,0,0.3333333333333333
P08,R,0.3333333333333333,6,0,0.3333333333333333
P09,R,0.5,6,0,0.5
P10,R,0.3333333333333333,6,0,0.3333333333333333
P11,R,0.5,6,0,0.5
P12,R,0.16666666666666666,6,0,0.16666666666666666
