frame_id,timestamp_s
1,0.025149
2,0.057543
3,0.090865
4,0.123545
5,0.157180
6,0.190135
7,0.220664
8,0.254220
9,0.287498
10,0.321669
11,0.355310
12,0.388705
13,0.420877
14,0.455220
15,0.487969
16,0.522030
17,0.555211
18,0.589674
19,0.621962
20,0.655003
21,0.688847
22,0.721947
23,0.755197
24,0.788672
25,0.822644
26,0.855427
27,0.888577
28,0.922415
29,0.955153
30,0.988997
31,1.022311
32,1.055436
33,1.089111
34,1.122485
35,1.156197
36,1.189242
37,1.222538
38,1.255966
39,1.288988
40,1.323598
41,1.356198
42,1.389784
43,1.422146
44,1.455951
45,1.489487
46,1.523593
47,1.556415
48,1.590048
49,1.622325
50,1.657310
51,1.689731
52,1.722154
53,1.756121
54,1.790476
55,1.823800
56,1.856425
57,1.889743
58,1.923692
59,1.956364
60,1.990845
61,2.023749
62,2.056745
63,2.090251
64,2.123444
65,2.156727
66,2.190643
67,2.223743
68,2.257417
69,2.290642
70,2.324364
71,2.356872
72,2.390468
73,2.423473
74,2.457454
75,2.490908
76,2.524089
77,2.558048
78,2.590963
79,2.624053
80,2.658265
81,2.691602
82,2.724731
83,2.758547
84,2.791162
85,2.825052
86,2.857816
87,2.891222
88,2.924112
89,2.957477
90,2.990945
91,3.024467
92,3.058166
93,3.091609
94,3.124592
95,3.157724
96,3.191488
97,3.224784
98,3.257784
99,3.291948
100,3.324582
101,3.358792
102,3.392673
103,3.426207
104,3.458571
105,3.492143
106,3.525484
107,3.558689
108,3.592146
109,3.624716
110,3.658322
111,3.692422
112,3.725903
113,3.758824
114,3.792501
115,3.825682
116,3.858875
117,3.892537
118,3.925589
119,3.958684
120,3.992406
121,4.025703
122,4.058769
123,4.091961
124,4.125844
125,4.158601
126,4.191494
127,4.226016
128,4.258396
129,4.292078
130,4.326004
131,4.359535
132,4.392554
133,4.426245
134,4.459358
135,4.492438
136,4.526057
137,4.559346
138,4.592278
139,4.626025
140,4.659359
141,4.692029
142,4.726918
143,4.760001
144,4.793694
145,4.826600
146,4.860112
147,4.893420
148,4.927084
149,4.960763
150,4.993667
151,5.027163
152,5.061224
153,5.093804
154,5.127247
155,5.160319
156,5.194263
157,5.227224
